,,,,,,,,,,,,,,
Annual Visitation Report by Years: 2006 to 2016,,,,,,,,,,,,,,
,,,,,,,,,,,,,,
Bookmark this report: https://irma.nps.gov/Stats/SSRSReports/National%20Reports/Annual%20Visitation%20By%20Park%20(1979%20-%20Last%20Calendar%20Year),,,,,,,,,,,,,,
,,,,,,,,,,,,,,
,"This report will not correctly export to CSV. Please export to Excel, Word, or PDF if you wish to save this report.",,,,,,,,,,,,,
,,,,,,,,,,,,,,
,,Recreational Visits,,,,,,,,,,,,
,Park Name,2007,2008,2009,2010,2011,2012,2013,2014,2015,,,2016,Average
,Abraham Lincoln Birthplace NHP,"202,950","200,404","221,111","177,122","163,568","169,515","163,928","241,264","148,605",,,"252,495","194,096"
,Acadia NP,"2,202,228","2,075,857","2,227,698","2,504,208","2,374,645","2,431,052","2,254,922","2,563,129","2,811,184",,,"3,303,393","2,474,832"
,Adams NHP,"224,880","241,536","253,656","73,339","219,975","336,031","285,501","178,468","183,632",,,"199,301","219,632"
,African Burial Ground NM,,,,"117,113","108,585","77,624","93,234","54,861","56,348",,,"46,526","79,184"
,Agate Fossil Beds NM,"12,997","12,425","12,694","12,509","11,617","11,824","10,504","12,440","13,264",,,"15,555","12,583"
,Alibates Flint Quarries NM,"4,028","2,297","2,918","4,350","3,214","3,383","1,555","4,513","9,492",,,"8,153","4,390"
,Allegheny Portage Railroad NHS,"123,215","113,991","118,931","107,363","118,410","138,864","107,977","172,883","168,433",,,"189,371","135,944"
,Amistad NRA,"1,734,200","1,980,717","2,573,966","1,574,322","1,436,759","1,367,502","1,025,151","1,130,096","1,250,051",,,"1,164,530","1,523,729"
,Andersonville NHS,"153,686","159,592","136,267","121,535","108,812","122,883","98,771","127,189","136,686",,,"134,216","129,964"
,Andrew Johnson NHS,"43,456","69,433","63,296","60,323","52,322","51,261","42,929","42,863","45,357",,,"45,937","51,718"
,Aniakchak NM & PRES,26,10,14,62,57,19,134,134,153,,,100,71
,Antietam NB,"337,569","352,548","378,966","393,957","384,987","510,921","370,832","337,079","347,180",,,"351,911","376,595"
,Apostle Islands NL,"182,396","162,871","170,202","156,945","176,040","163,419","148,556","290,059","232,662",,,"183,796","186,695"
,Appomattox Court House NHP,"149,255","178,748","185,443","216,220","258,917","320,668","317,660","278,776","412,640",,,"303,139","262,147"
,Arches NP,"860,181","928,795","996,312","1,014,405","1,040,758","1,070,577","1,082,866","1,284,767","1,399,247",,,"1,585,718","1,126,363"
,Arkansas Post NMEM,"37,230","43,137","32,160","34,712","37,127","39,703","36,420","30,860","38,702",,,"34,405","36,446"
,Arlington House The R.E. Lee MEM,"466,690","518,515","603,773","627,576","576,816","562,772","586,531","671,638","532,050",,,"1,057,500","620,386"
,Assateague Island NS,"2,110,918","2,011,438","2,129,658","2,106,090","2,105,419","2,154,859","2,056,828","2,170,681","2,275,606",,,"2,267,821","2,138,932"
,Aztec Ruins NM,"39,538","38,709","38,234","37,437","41,106","44,744","41,312","44,721","53,165",,,"57,692","43,666"
,Badlands NP,"886,654","845,734","933,918","977,778","870,741","883,406","892,372","868,094","989,354",,,"996,263","914,431"
,Bandelier NM,"224,134","207,656","212,544","234,896","193,914","150,289","126,682","130,106","174,073",,,"198,478","185,277"
,Belmont-Paul Women's Equality NM,,,,,,,,,,,,"2,704","2,704"
,Bent's Old Fort NHS,"23,952","25,001","28,131","29,120","26,842","25,815","23,324","24,555","26,219",,,"31,948","26,491"
,Bering Land Bridge NPRES,796,"1,019","1,054","2,642","1,890","2,642","2,642","2,636","2,642",,,"2,642","2,061"
,Big Bend NP,"364,856","362,512","363,905","372,330","361,862","292,055","316,953","314,102","381,747",,,"388,290","351,861"
,Big Cypress NPRES,"822,864","813,790","812,207","665,523","941,393","882,570","1,007,788","1,192,856","1,112,290",,,"1,102,148","935,343"
,Big Hole NB,"55,415","54,818","49,822","44,771","36,290","35,207","38,092","36,987","39,549",,,"41,795","43,275"
,Big South Fork NRRA,"626,751","675,928","686,747","656,374","606,579","600,161","565,063","599,906","643,135",,,"684,715","634,536"
,Big Thicket NPRES,"95,285","93,634","100,509","140,489","137,722","135,262","120,108","109,956","125,832",,,"192,809","125,161"
,Bighorn Canyon NRA,"213,063","178,533","205,293","258,637","201,010","245,831","241,527","224,083","245,173",,,"259,485","227,264"
,Biscayne NP,"517,442","686,062","437,745","467,612","476,077","495,613","486,848","525,745","508,164",,,"514,709","511,602"
,Black Canyon of the Gunnison NP,"219,576","160,185","171,451","176,344","168,336","192,570","175,852","183,045","209,166",,,"238,018","189,454"
,Blue Ridge PKWY,"17,352,286","16,309,307","15,936,316","14,517,118","15,382,447","15,205,059","12,877,368","13,941,749","15,054,603",,,"15,175,578","15,175,183"
,Bluestone NSR,"48,061","46,942","45,904","37,790","41,670","36,842","36,266","38,450","36,733",,,"34,139","40,280"
,Booker T. Washington NM,"19,410","19,990","21,216","21,665","24,030","24,361","22,103","26,127","27,205",,,"23,440","22,955"
,Boston African American NHS,"265,459","280,279","298,519","333,463","379,906","404,248","386,084","408,641","412,377",,,"414,170","358,315"
,Boston NHP,"2,184,889","2,232,495","2,155,026","2,060,497","2,546,156","2,629,064","2,245,875","2,476,078","2,262,841",,,"2,594,495","2,338,742"
,Brown v. Board of Education NHS,"17,536","16,950","19,228","17,808","16,886","21,101","19,356","26,868","25,338",,,"27,968","20,904"
,Bryce Canyon NP,"1,012,563","1,043,321","1,216,377","1,285,492","1,296,000","1,385,352","1,311,875","1,435,741","1,745,804",,,"2,365,110","1,409,764"
,Buck Island Reef NM,"46,303","46,025","47,341","27,403","28,223","30,436","28,972","34,400","41,936",,,"38,929","36,997"
,Buffalo NR,"1,194,043","1,405,802","1,522,586","1,545,599","1,169,802","1,093,083","1,125,227","1,357,057","1,463,304",,,"1,785,359","1,366,186"
,Cabrillo NM,"739,534","705,331","767,687","763,140","813,351","877,951","856,128","893,434","981,825",,,"959,145","835,753"
,Canaveral NS,"1,038,449","994,453","1,001,665","966,099","1,005,001","994,430","1,133,688","1,451,225","1,689,754",,,"1,629,944","1,190,471"
,Cane River Creole NHP,"30,584","24,587","27,411","25,115","26,996","28,310","25,556","28,981","30,882",,,"26,863","27,529"
,Canyon de Chelly NM,"825,320","835,860","826,425","827,247","828,145","828,523","828,478","827,761","813,686",,,"821,406","826,285"
,Canyonlands NP,"417,560","436,715","436,241","435,908","473,773","452,952","462,242","542,431","634,607",,,"776,218","506,865"
,Cape Cod NS,"4,351,609","4,644,235","4,311,949","4,653,706","4,454,771","4,441,290","4,501,898","4,426,750","4,503,220",,,"4,692,796","4,498,222"
,Cape Hatteras NS,"2,237,378","2,146,392","2,282,543","2,193,292","1,960,711","2,302,040","2,214,565","2,153,350","2,274,635",,,"2,411,711","2,217,662"
,Cape Krusenstern NM,745,"1,575","1,810","2,521","8,668","24,950","18,225",0,0,,,"15,000","7,349"
,Cape Lookout NS,"860,602","486,899","601,954","530,181","508,116","480,294","416,568","430,927","400,413",,,"458,000","517,395"
,Capitol Reef NP,"554,907","604,811","617,208","662,661","668,834","673,345","663,670","786,514","941,029",,,"1,064,904","723,788"
,Capulin Volcano NM,"49,182","45,178","50,935","48,580","46,358","48,710","48,466","50,892","55,506",,,"60,132","50,394"
,Carl Sandburg Home NHS,"28,820","21,233","83,550","86,740","89,721","93,429","81,710","82,377","72,606",,,"80,696","72,088"
,Carlsbad Caverns NP,"409,560","400,381","432,639","428,524","365,000","381,058","388,566","397,309","445,720",,,"466,773","411,553"
,Casa Grande Ruins NM,"76,854","73,763","76,350","77,347","72,308","68,631","65,106","63,698","72,606",,,"75,752","72,242"
,Castillo de San Marcos NM,"632,048","618,769","667,783","708,549","741,042","727,243","778,128","760,708","819,154",,,"854,664","730,809"
,Castle Clinton NM,"3,509,468","3,727,030","4,080,152","4,126,378","3,985,366","3,264,439","2,180,694","4,727,110","4,597,029",,,"4,812,930","3,901,060"
,Catoctin Mountain Park,"591,191","466,926","440,294","385,745","264,460","263,797","175,213","188,170","229,301",,,"221,750","322,685"
,Cedar Breaks NM,"514,871","538,016","492,353","525,831","493,147","631,809","466,450","762,907","793,601",,,"899,676","611,866"
,Cesar E. Chavez NM,,,,,,,"8,157","8,854","10,648",,,"17,216","11,219"
,Chaco Culture NHP,"68,211","37,180","37,376","34,226","39,175","39,044","29,917","38,386","38,914",,,"54,084","41,651"
,Chamizal NMEM,"218,195","197,767","215,852","226,535","113,817","104,148","121,937","108,399","122,431",,,"147,937","157,702"
,Channel Islands NP,"360,806","332,177","348,745","277,515","242,756","249,594","212,029","342,161","324,816",,,"364,807","305,541"
,Charles Pinckney NHS,"41,393","44,072","43,447","44,081","45,254","44,314","47,309","53,486","46,995",,,"53,184","46,354"
,Charles Young Buffalo Soldiers NM,,,,,,,,,"3,993",,,"10,211","7,102"
,Chattahoochee River NRA,"2,836,077","2,826,171","2,830,655","3,011,393","3,161,297","3,168,137","3,039,892","3,119,160","3,173,204",,,"2,736,385","2,990,237"
,Chesapeake & Ohio Canal NHP,"2,809,968","3,111,468","3,751,681","4,111,238","3,937,504","4,712,377","4,941,367","5,066,219","4,798,312",,,"4,813,078","4,205,321"
,Chickamauga & Chattanooga NMP,"991,645","993,535","992,448","991,901","1,036,699","1,032,844","905,984","996,694","1,002,373",,,"1,027,738","997,186"
,Chickasaw NRA,"1,368,806","1,230,609","1,238,484","1,253,637","1,212,139","1,487,039","1,099,669","1,152,083","1,254,105",,,"1,676,421","1,297,299"
,Chiricahua NM,"58,434","56,557","60,851","55,436","37,037","41,159","40,646","45,125","56,960",,,"51,277","50,348"
,Christiansted NHS,"101,522","105,136","114,743","117,214","119,335","126,962","118,638","109,159","116,817",,,"115,446","114,497"
,City of Rocks NRES,"79,533","85,893","96,649","92,484","95,764","98,996","94,906","94,825","105,289",,,"107,865","95,220"
,Clara Barton NHS,"10,106","9,007","10,986","23,741","15,620","25,347","22,737","20,028","2,823",,,0,"14,040"
,Colonial NHP,"3,343,910","3,332,039","3,324,751","3,459,965","3,414,577","3,274,187","3,168,731","3,335,060","3,343,909",,,"3,352,656","3,334,979"
,Colorado NM,"395,260","390,972","400,266","433,561","435,460","454,510","409,351","416,862","588,006",,,"391,075","431,532"
,Congaree NP,"115,524","104,913","122,970","121,208","120,166","109,685","120,340","120,122","87,513",,,"143,843","116,628"
,Coronado NMEM,"71,702","91,028","106,409","136,284","153,042","97,579","92,936","118,838","132,584",,,"136,075","113,648"
,Cowpens NB,"197,255","235,176","224,394","226,868","223,923","231,973","216,239","200,836","206,740",,,"213,299","217,670"
,Crater Lake NP,"468,958","415,686","446,516","448,319","423,551","447,251","523,027","535,508","614,712",,,"756,344","507,987"
,Craters of the Moon NM,"221,672","227,179","194,046","215,698","198,545","197,529","200,525","214,993","246,826",,,"255,436","217,245"
,Cumberland Gap NHP,"994,985","843,893","883,663","918,746","828,947","853,998","768,363","879,934","840,601",,,"820,387","863,352"
,Cumberland Island NS,"72,449","82,812","77,588","91,996","74,279","61,493","51,435","61,401","59,859",,,"61,896","69,521"
,Curecanti NRA,"964,640","1,007,444","953,169","969,549","924,468","862,612","814,163","931,367","944,742",,,"982,498","935,465"
,Cuyahoga Valley NP,"2,486,656","2,828,233","2,589,288","2,492,670","2,161,185","2,299,722","2,103,010","2,189,849","2,284,612",,,"2,423,390","2,385,862"
,Dayton Aviation Heritage NHP,"54,827","53,292","58,301","63,961","68,048","65,999","59,274","57,565","73,588",,,"95,334","65,019"
,De Soto NMEM,"260,843","265,944","246,608","265,406","355,653","432,981","279,924","342,039","293,647",,,"232,463","297,551"
,Death Valley NP,"704,122","871,938","828,574","984,775","946,867","984,568","951,972","1,101,312","1,154,843",,,"1,296,283","982,525"
,Delaware Water Gap NRA,"4,836,229","5,127,074","5,213,030","5,285,761","4,986,700","4,970,802","4,843,350","4,041,672","3,735,134",,,"3,677,744","4,671,750"
,Denali NP & PRES,"458,308","432,309","358,041","378,855","406,582","388,433","530,922","531,315","560,757",,,"587,412","463,293"
,Devils Postpile NM,"120,758","134,005","110,212","80,349","97,207","87,845","91,794","114,414","140,313",,,"135,404","111,230"
,Devils Tower NM,"322,272","336,303","391,023","436,200","395,203","416,994","417,326","440,875","478,833",,,"496,210","413,124"
,Dinosaur NM,"230,914","201,724","203,862","197,812","213,559","302,858","274,361","250,625","291,799",,,"304,312","247,183"
,Dry Tortugas NP,"60,895","63,947","52,011","53,890","75,171","60,550","58,401","64,865","70,862",,,"73,661","63,425"
,Edgar Allan Poe NHS,"14,258","12,961","17,463","16,584","14,711","19,104","5,884","13,701","13,862",,,"14,827","14,336"
,Effigy Mounds NM,"88,268","68,696","78,177","79,783","82,581","78,540","71,074","77,812","81,901",,,"77,195","78,403"
,Eisenhower NHS,"69,747","70,757","64,212","61,210","58,022","53,286","59,179","58,240","54,377",,,"55,550","60,458"
,El Malpais NM,"110,639","115,066","123,290","134,662","105,356","114,678","137,904","164,063","174,433",,,"157,440","133,753"
,El Morro NM,"51,492","45,178","48,245","52,566","48,332","44,808","40,051","46,256","49,390",,,"59,422","48,574"
,Eleanor Roosevelt NHS,"59,846","53,632","54,393","53,067","50,074","55,049","43,686","60,456","64,791",,,"63,480","55,847"
,Eugene O'Neill NHS,"2,339","2,544","3,783","2,445","2,593","2,789","2,929","3,202","3,942",,,"4,287","3,085"
,Everglades NP,"1,074,764","822,118","900,882","915,538","934,351","1,141,906","1,047,116","1,110,901","1,077,427",,,"930,907","995,591"
,Federal Hall NMEM,"127,432","212,564","204,880","178,749","187,109","167,146","148,647","137,538","172,038",,,"314,531","185,063"
,Fire Island NS,"616,233","604,577","569,667","613,057","519,173","483,334","294,219","384,343","441,899",,,"431,303","495,781"
,First Ladies NHS,"10,881","9,770","10,466","8,766","8,254","9,903","10,068","15,326","12,897",,,"13,378","10,971"
,Flight 93 NMEM,"143,725","136,091","149,668","137,837","265,246","317,926","265,924","284,226","337,217",,,"385,123","242,298"
,Florissant Fossil Beds NM,"55,992","56,988","64,251","65,422","61,289","62,637","58,032","63,297","69,130",,,"73,564","63,060"
,Ford's Theatre NHS,"732,521","335,865","658,271","662,298","642,786","701,542","665,876","655,441","681,537",,,"650,779","638,692"
,Fort Bowie NHS,"10,027","10,095","9,641","9,491","8,429","7,966","8,082","6,964","7,760",,,"8,013","8,647"
,Fort Caroline NMEM,"250,616","279,984","288,606","299,906","326,149","327,339","307,086","187,843","224,418",,,"232,082","272,403"
,Fort Davis NHS,"51,435","49,290","50,968","43,280","35,130","38,136","43,277","49,842","55,955",,,"61,823","47,914"
,Fort Donelson NB,"233,205","208,631","203,456","202,210","257,389","284,762","247,734","262,317","260,744",,,"259,343","241,979"
,Fort Frederica NM,"264,586","248,093","296,117","294,484","293,041","262,235","217,580","228,103","202,191",,,"192,906","249,934"
,Fort Laramie NHS,"40,263","48,297","56,923","57,128","52,916","55,199","54,057","49,038","51,616",,,"57,444","52,288"
,Fort Larned NHS,"30,471","21,483","27,443","29,423","26,704","33,194","27,432","24,607","32,170",,,"31,060","28,399"
,Fort Matanzas NM,"830,672","813,131","793,253","673,700","570,695","497,574","523,694","568,529","622,175",,,"557,810","645,123"
,Fort McHenry NM & HS,"574,924","598,050","605,870","611,582","641,254","744,076","678,431","769,300","617,890",,,"610,987","645,236"
,Fort Necessity NB,"353,296","127,672","197,271","264,450","193,479","187,893","165,159","219,546","280,705",,,"290,021","227,949"
,Fort Point NHS,"1,552,141","1,390,187","1,385,134","1,315,241","1,338,508","1,502,786","1,591,312","1,677,457","1,610,466",,,"2,264,154","1,562,739"
,Fort Pulaski NM,"317,349","352,636","435,661","416,292","408,104","385,751","374,408","387,010","382,945",,,"344,921","380,508"
,Fort Raleigh NHS,"321,717","311,751","338,212","305,711","282,134","281,833","263,598","264,987","289,885",,,"292,367","295,220"
,Fort Scott NHS,"22,314","25,322","28,544","27,635","26,219","25,034","25,773","25,966","25,531",,,"29,291","26,163"
,Fort Smith NHS,"83,850","75,174","63,540","68,678","86,122","87,386","69,584","88,790","111,469",,,"163,636","89,823"
,Fort Stanwix NM,"59,643","71,263","93,170","103,748","102,874","195,057","129,089","60,819","86,678",,,"94,006","99,635"
,Fort Sumter NM,"788,838","744,971","785,604","797,713","857,883","842,027","815,007","828,521","840,711",,,"888,330","818,961"
,Fort Union NM,"10,534","9,171","11,070","10,638","9,575","9,215","8,965","10,934","11,726",,,"11,953","10,378"
,Fort Union Trading Post NHS,"12,405","11,533","15,141","14,458","12,236","12,677","12,908","11,521","13,605",,,"17,502","13,399"
,Fort Vancouver NHS,"682,645","894,417","1,017,326","786,989","710,439","681,404","733,540","803,740","818,672",,,"1,092,031","822,120"
,Fort Washington Park,"324,660","484,202","339,370","352,883","409,381","368,824","443,918","466,078","337,433",,,"560,358","408,711"
,Fossil Butte NM,"19,853","17,727","18,693","19,700","16,552","17,084","17,662","16,623","19,293",,,"20,737","18,392"
,Franklin Delano Roosevelt MEM,"2,751,725","2,622,806","2,591,241","2,238,052","2,309,708","2,764,459","2,837,729","2,938,239","3,290,080",,,"4,360,502","2,870,454"
,Frederick Douglass NHS,"37,468","37,852","43,483","44,699","46,694","53,314","47,625","45,492","53,873",,,"67,387","47,789"
,Frederick Law Olmsted NHS,"2,010","2,969","5,007","3,285","4,022","8,668","6,570","8,667","9,473",,,"8,935","5,961"
,Fredericksburg & Spotsylvania NMP,"469,920","473,841","906,175","899,936","908,836","982,324","880,251","873,328","891,917",,,"969,895","825,642"
,Friendship Hill NHS,"32,576","30,623","31,454","32,562","30,039","34,289","34,372","34,317","34,687",,,"37,847","33,277"
,Gates of the Arctic NP & PRES,"10,942","11,397","9,975","10,840","11,623","10,899","11,012","12,669","10,745",,,"10,047","11,015"
,Gateway NRA,"8,813,204","9,431,021","9,010,522","8,820,757","7,697,727","5,043,863","6,191,246","6,021,713","6,392,565",,,"8,651,770","7,607,439"
,Gauley River NRA,"118,169","112,262","113,185","107,223","109,780","115,283","135,309","117,354","105,374",,,"115,888","114,983"
,General Grant NMEM,"84,171","91,436","100,874","119,665","104,769","92,418","83,440","100,622","95,526",,,"109,151","98,207"
,George Rogers Clark NHP,"114,560","113,688","103,284","118,912","145,596","125,972","128,531","125,218","135,856",,,"126,095","123,771"
,George Washington Birthplace NM,"101,844","99,975","113,083","128,158","130,647","134,824","131,683","131,984","130,952",,,"129,750","123,290"
,George Washington Carver NM,"36,480","40,407","38,899","35,068","30,787","30,425","33,061","41,535","37,745",,,"46,397","37,080"
,George Washington MEM PKWY,"6,837,139","7,009,630","6,938,309","6,925,099","7,417,397","7,425,577","7,360,392","7,472,150","7,286,463",,,"10,323,339","7,499,550"
,Gettysburg NMP,"1,647,745","1,455,951","1,013,002","1,031,554","1,124,659","1,126,577","1,213,349","1,020,702","1,080,185",,,"1,091,320","1,180,504"
,Gila Cliff Dwellings NM,"41,690","38,987","43,016","32,652","25,317","28,637","27,825","31,135","36,518",,,"41,519","34,730"
,Glacier Bay NP & PRES,"438,211","418,911","438,361","444,530","431,986","454,337","500,590","500,727","551,353",,,"520,171","469,918"
,Glacier NP,"2,083,329","1,808,027","2,031,348","2,200,048","1,853,564","2,162,035","2,190,374","2,338,528","2,366,056",,,"2,946,681","2,197,999"
,Glen Canyon NRA,"1,894,114","1,947,507","1,960,345","2,124,467","2,270,817","2,061,328","1,991,924","2,368,452","2,495,093",,,"3,239,525","2,235,357"
,Golden Gate NRA,"14,397,313","14,554,750","15,036,372","14,271,503","14,567,487","14,540,338","14,289,121","15,004,420","14,888,537",,,"15,638,777","14,718,862"
,Golden Spike NHS,"45,088","39,968","45,334","43,561","43,933","42,551","40,704","44,125","59,147",,,"60,027","46,444"
,Governors Island NM,"69,014","205,010","325,840","409,207","402,174","348,249","355,553","698,227","438,613",,,"522,859","377,475"
,Grand Canyon NP,"4,413,668","4,425,314","4,348,068","4,388,386","4,298,178","4,421,352","4,564,840","4,756,771","5,520,736",,,"5,969,811","4,710,712"
,Grand Portage NM,"68,856","77,323","76,025","113,996","97,440","93,156","88,598","88,877","91,751",,,"95,862","89,188"
,Grand Teton NP,"2,588,574","2,485,987","2,580,081","2,669,374","2,587,437","2,705,256","2,688,794","2,791,392","3,149,921",,,"3,270,076","2,751,689"
,Grant-Kohrs Ranch NHS,"17,494","16,633","20,099","22,075","20,293","17,095","18,848","20,565","22,139",,,"23,176","19,842"
,Great Basin NP,"81,364","69,235","84,974","88,870","91,451","94,850","92,893","107,526","116,123",,,"144,846","97,213"
,Great Sand Dunes NP & PRES,"285,121","273,903","289,955","283,284","280,058","254,674","242,841","271,774","299,513",,,"388,308","286,943"
,Great Smoky Mountains NP,"9,372,253","9,044,010","9,491,437","9,463,538","9,008,830","9,685,829","9,354,695","10,099,276","10,712,674",,,"11,312,786","9,754,533"
,Greenbelt Park,"198,237","164,103","188,043","270,661","190,427","145,552","142,742","132,688","135,260",,,"137,900","170,561"
,Guadalupe Mountains NP,"165,110","163,709","198,882","192,210","152,546","159,360","145,670","166,868","169,535",,,"181,839","169,573"
,Guilford Courthouse NMP,"445,752","354,077","290,368","285,444","346,617","313,374","541,581","173,261","222,602",,,"321,796","329,487"
,Gulf Islands NS,"2,034,294","2,054,201","4,132,674","4,283,747","5,501,872","4,973,462","4,837,965","4,455,240","3,976,883",,,"4,771,309","4,102,165"
,Hagerman Fossil Beds NM,"24,779","23,163","27,263","29,795","21,100","23,936","21,008","22,482","24,695",,,"25,982","24,420"
,Haleakala NP,"1,322,817","1,185,068","1,109,104","1,105,606","956,989","1,094,668","785,300","1,142,040","1,216,772",,,"1,263,558","1,118,192"
,Hamilton Grange NMEM,0,690,150,0,"7,817","16,358","20,429","20,943","35,446",,,"85,348","18,718"
,Hampton NHS,"30,062","35,260","39,334","32,153","32,165","37,529","32,262","32,498","34,685",,,"34,942","34,089"
,Harpers Ferry NHP,"249,908","254,162","275,044","268,822","255,348","263,105","255,714","261,202","282,893",,,"335,691","270,189"
,Harry S Truman NHS,"31,092","30,848","28,384","27,670","28,924","31,316","28,977","29,364","32,825",,,"34,616","30,402"
,Hawaii Volcanoes NP,"1,467,779","1,270,538","1,233,105","1,304,667","1,352,123","1,483,928","1,583,209","1,693,005","1,832,660",,,"1,887,580","1,510,859"
,Herbert Hoover NHS,"118,298","142,656","162,886","142,512","134,249","128,812","128,919","139,086","127,154",,,"152,382","137,695"
,Home of Franklin D. Roosevelt NHS,"114,195","124,073","123,033","140,251","125,488","135,746","147,218","179,340","180,405",,,"193,272","146,302"
,Homestead NM of America,"70,216","71,314","71,301","74,314","69,845","103,708","67,396","69,156","78,739",,,"87,755","76,374"
,Hopewell Culture NHP,"30,321","28,130","34,179","33,918","33,834","39,462","32,206","36,432","43,587",,,"58,058","37,013"
,Hopewell Furnace NHS,"56,013","49,328","53,186","55,750","44,873","52,870","46,138","48,105","51,252",,,"54,167","51,168"
,Horseshoe Bend NMP,"73,669","50,719","72,232","67,776","65,892","58,668","55,965","64,359","89,282",,,"83,370","68,193"
,Hot Springs NP,"1,300,152","1,238,147","1,284,707","1,311,807","1,396,354","1,302,505","1,325,719","1,424,484","1,418,162",,,"1,544,300","1,354,634"
,Hovenweep NM,"26,263","25,411","27,855","27,386","25,858","26,710","24,959","26,808","35,117",,,"42,862","28,923"
,Hubbell Trading Post NHS,"69,211","61,955","99,267","80,578","88,231","75,061","75,678","81,475","66,324",,,"67,276","76,506"
,Independence NHP,"3,705,538","4,076,638","3,967,694","3,751,007","3,572,770","3,594,549","3,553,070","3,648,050","4,311,582",,,"5,067,510","3,924,841"
,Indiana Dunes NL,"1,972,344","1,833,596","1,944,568","2,150,345","1,840,513","1,889,381","1,681,695","1,553,372","1,640,195",,,"1,698,223","1,820,423"
,Isle Royale NP,"15,973","14,038","14,653","15,793","15,892","16,663","16,274","14,560","18,684",,,"24,966","16,750"
,James A. Garfield NHS,"19,196","27,289","17,100","24,853","31,499","36,375","21,027","17,956","24,506",,,"45,437","26,524"
,Jean Lafitte NHP & PRES,"303,373","339,821","335,075","391,019","420,366","419,694","400,128","445,524","405,618",,,"438,420","389,904"
,Jefferson NEM,"2,385,387","1,954,810","2,360,109","2,436,110","2,259,020","2,496,726","2,377,258","1,817,091","1,698,656",,,"1,271,855","2,105,702"
,Jewel Cave NM,"105,321","100,481","129,595","103,462","77,146","109,300","98,259","104,348","116,444",,,"137,275","108,163"
,Jimmy Carter NHS,"84,501","82,417","69,972","64,849","66,157","69,940","67,455","62,057","67,797",,,"66,441","70,159"
,"John D. Rockefeller, Jr. MEM PKWY","1,172,125","1,099,060","1,139,923","1,222,931","1,147,986","1,197,750","1,228,502","1,264,842","1,430,337",,,"1,411,819","1,231,528"
,John Day Fossil Beds NM,"124,704","112,578","130,925","135,151","148,002","148,152","156,285","183,420","196,277",,,"210,110","154,560"
,John F. Kennedy NHS,"8,896","10,090","16,333","17,466","18,466","22,642","17,273","26,273","18,485",,,"25,467","18,139"
,John Muir NHS,"30,875","28,770","34,516","34,904","31,236","37,403","37,777","41,535","42,615",,,"49,376","36,901"
,Johnstown Flood NMEM,"126,066","135,308","114,350","100,799","105,906","123,081","121,923","141,354","163,431",,,"154,931","128,715"
,Joshua Tree NP,"1,298,979","1,392,446","1,304,471","1,434,976","1,396,237","1,396,117","1,383,340","1,589,904","2,025,756",,,"2,505,286","1,572,751"
,Kalaupapa NHP,"60,992","60,934","30,654","27,919","57,841","58,875","101,112","67,210","67,891",,,"71,527","60,496"
,Kaloko Honokohau NHP,"119,237","104,835","166,380","132,731","162,906","153,584","158,124","154,206","170,683",,,"185,041","150,773"
,Katmai NP & PRES,"82,634","7,970","43,035","55,172","48,939","39,818","28,966","30,896","37,818",,,"37,818","41,307"
,Kenai Fjords NP,"284,604","272,190","218,358","297,596","346,852","281,279","283,502","270,666","296,697",,,"346,534","289,828"
,Kennesaw Mountain NBP,"1,329,441","1,415,917","1,372,228","1,512,191","1,748,436","1,935,909","1,924,076","2,119,013","2,174,870",,,"2,360,256","1,789,234"
,Keweenaw NHP,,,,,,,,,,,,"14,612","14,612"
,Kings Canyon NP,"580,129","574,870","609,296","598,205","566,810","591,033","567,544","502,268","468,106",,,"607,479","566,574"
,Kings Mountain NMP,"262,283","254,997","277,576","275,555","272,325","265,713","247,632","251,093","257,077",,,"263,357","262,761"
,Klondike Gold Rush NHP Alaska,"975,043","935,940","880,512","797,716","795,150","854,250","928,150","1,085,202","919,661",,,"912,351","908,398"
,Klondike Gold Rush NHP Seattle,"54,971","58,389","54,219","65,870","64,898","60,198","61,942","62,022","60,372",,,"69,435","61,232"
,Knife River Indian Villages NHS,"22,558","24,798","29,390","21,721","16,025","16,010","14,476","10,750","11,377",,,"13,328","18,043"
,Kobuk Valley NP,847,"1,565","1,879","3,164","11,485","29,550","16,875",0,0,,,"15,500","8,087"
,Korean War Veterans Memorial,"3,433,663","3,654,976","3,117,046","3,072,716","3,073,430","3,267,124","3,209,279","3,767,287","4,077,835",,,"4,084,298","3,475,765"
,Lake Chelan NRA,"34,665","25,139","34,554","39,249","43,827","40,830","37,315","35,360","32,186",,,"45,514","36,864"
,Lake Clark NP & PRES,"5,549","6,802","9,711","9,931","5,158","11,639","13,000","16,100","17,818",,,"21,102","11,681"
,Lake Mead NRA,"7,622,139","7,601,863","7,668,689","7,080,758","6,396,682","6,285,439","6,344,714","6,942,873","7,298,465",,,"7,175,891","7,041,751"
,Lake Meredith NRA,"984,108","875,280","1,080,644","883,586","734,030","502,457","554,272","692,195","831,374",,,"1,025,613","816,356"
,Lake Roosevelt NRA,"1,450,438","1,337,024","1,382,663","1,324,074","1,523,474","1,781,972","1,254,409","1,180,898","1,170,843",,,"1,253,571","1,365,937"
,Lassen Volcanic NP,"395,057","377,361","365,639","384,570","351,269","407,653","427,409","432,977","468,092",,,"536,068","414,610"
,Lava Beds NM,"102,629","120,076","129,639","130,765","124,113","181,429","105,395","138,499","108,687",,,"127,699","126,893"
,LBJ Memorial Grove on the Potomac,"453,297","411,164","333,368","230,694","239,058","371,063","294,979","254,167","232,882",,,"260,234","308,091"
,Lewis & Clark NHP,"234,380","230,057","225,846","218,553","191,867","201,704","217,022","244,921","270,410",,,"281,576","231,634"
,Lincoln Boyhood NMEM,"128,596","147,123","182,172","126,228","108,420","133,550","125,069","99,795","111,711",,,"125,562","128,823"
,Lincoln Home NHS,"358,809","335,473","464,074","354,125","296,214","295,464","209,405","218,132","233,299",,,"239,719","300,471"
,Lincoln Memorial,"4,214,167","4,678,861","5,255,570","6,042,315","5,971,220","6,191,361","6,546,518","7,139,072","7,941,771",,,"7,915,934","6,189,679"
,Little Bighorn Battlefield NM,"290,744","282,233","302,811","320,959","312,168","346,327","277,883","281,436","317,782",,,"332,328","306,467"
,Little River Canyon NPRES,"264,189","197,693","189,251","192,576","225,549","201,109","185,477","224,931","248,135",,,"462,700","239,161"
,Little Rock Central High School NHS,"56,938","42,302","60,103","49,740","66,106","63,938","114,144","115,908","125,956",,,"129,540","82,468"
,Longfellow NHS,"49,246","59,827","39,065","45,684","46,596","52,234","40,554","46,371","50,784",,,"49,697","48,006"
,Lowell NHP,"519,706","574,410","565,960","540,475","520,452","537,551","517,763","514,524","531,055",,,"541,825","536,372"
,Lyndon B. Johnson NHP,"85,818","93,204","98,218","112,680","100,056","110,791","82,369","88,427","124,979",,,"140,303","103,685"
,Maggie L. Walker NHS,"8,026","7,367","9,853","12,331","10,779","8,276","7,013","9,045","7,589",,,"9,589","8,987"
,Mammoth Cave NP,"487,305","446,174","503,856","497,225","483,319","508,054","494,541","522,628","566,895",,,"586,514","509,651"
,Manassas NBP,"584,926","594,992","578,383","612,490","659,740","600,354","538,888","514,140","502,045",,,"534,835","572,079"
,Manhattan Project NHP,,,,,,,,,,,,"104,715","104,715"
,Manzanar NHS,"81,344","78,468","89,190","76,592","79,587","72,831","77,511","77,633","95,327",,,"105,307","83,379"
,Marsh-Billings-Rockefeller NHP,"32,179","37,121","31,129","31,209","29,049","32,403","34,112","39,086","35,003",,,"55,716","35,701"
,"Martin Luther King, Jr. Memorial",,,,,"1,490,358","3,738,336","3,205,654","3,199,136","3,530,401",,,"3,638,208","3,133,682"
,"Martin Luther King, Jr. NHS","652,867","658,873","650,343","658,452","666,482","707,514","704,168","766,030","673,728",,,"467,715","660,617"
,Martin Van Buren NHS,"19,678","21,216","23,216","21,055","19,287","22,062","16,229","19,187","18,547",,,"22,100","20,258"
,Mary McLeod Bethune Council House NHS,"17,324","17,635","21,811","19,520","18,142","6,646","5,686","9,295","8,249",,,"7,149","13,146"
,Mesa Verde NP,"541,102","551,446","550,377","559,712","572,329","488,860","460,237","501,563","547,325",,,"583,527","535,648"
,Minute Man NHP,"1,107,254","1,067,578","1,096,024","1,073,748","1,002,833","1,001,207","947,894","1,056,549","964,330",,,"1,049,414","1,036,683"
,Minuteman Missile NHS,"24,566","30,615","36,777","42,348","59,389","75,654","76,261","62,058","100,488",,,"133,895","64,205"
,Mississippi NRRA,,,,,"99,398","106,733","100,111","85,637","127,635",,,"256,944","129,410"
,Missouri NRR,"145,767","162,086","186,313","167,301","179,983","167,776","169,698","134,760","145,004",,,"148,210","160,690"
,Mojave NPRES,"582,675","618,285","528,865","600,897","536,006","542,527","549,599","554,560","589,155",,,"585,635","568,820"
,Monocacy NB,"22,125","31,276","34,553","33,313","36,674","47,249","37,647","56,187","64,596",,,"87,547","45,117"
,Montezuma Castle NM,"597,611","603,755","601,465","578,554","573,731","455,305","389,091","407,017","416,635",,,"392,168","501,533"
,Moores Creek NB,"55,039","44,820","68,864","51,326","58,118","79,345","72,330","87,774","89,944",,,"83,889","69,145"
,Morristown NHP,"296,651","277,203","298,060","278,392","222,395","294,606","304,941","264,363","218,959",,,"252,514","270,808"
,Mount Rainier NP,"1,047,685","1,163,227","1,151,654","1,191,754","1,038,229","1,049,178","1,148,552","1,264,259","1,237,231",,,"1,356,913","1,164,868"
,Mount Rushmore NMEM,"1,856,118","1,789,328","2,260,192","2,331,237","2,081,722","2,185,447","2,162,998","2,144,808","2,434,297",,,"2,431,231","2,167,738"
,Muir Woods NM,"811,033","838,292","779,880","834,356","897,131","972,331","954,125","1,049,400","1,099,923",,,"1,123,121","935,959"
,Natchez NHP,"207,441","232,470","218,126","206,870","206,624","184,551","191,095","215,257","204,332",,,"204,120","207,089"
,Natchez Trace PKWY,"5,777,666","5,747,235","5,934,363","5,910,950","5,765,343","5,560,668","6,012,740","5,846,474","5,785,812",,,"5,891,315","5,823,257"
,National Capital Parks Central,"2,513,639","2,559,653","3,678,876","1,363,389","1,240,717","858,700","1,712,858","1,999,232","1,833,085",,,"1,813,222","1,957,337"
,National Capital Parks East,"1,311,087","1,296,990","1,272,212","1,181,960","1,167,393","923,054","1,091,661","1,311,995","1,220,403",,,"1,224,671","1,200,143"
,National Park of American Samoa,"6,774","3,683","3,242","3,006","8,716","10,440","17,919","13,953","13,892",,,"28,892","11,052"
,Natural Bridges NM,"88,316","91,838","92,023","95,676","91,184","89,011","82,330","87,119","94,797",,,"101,843","91,414"
,Navajo NM,"69,445","74,143","77,901","90,696","87,388","58,219","54,168","65,778","71,370",,,"65,705","71,481"
,New Bedford Whaling NHP,"327,047","281,512","279,803","277,681","273,862","269,885","276,374","272,731","167,790",,,"145,500","257,219"
,New Orleans Jazz NHP,"49,053","66,726","80,828","80,195","130,393","177,909","198,363","36,017","58,188",,,"35,514","91,319"
,New River Gorge NR,"1,178,012","1,212,854","1,144,318","1,151,213","1,071,088","1,128,195","1,071,823","1,124,799","1,178,753",,,"1,197,931","1,145,899"
,Nez Perce NHP,"225,568","207,250","176,238","193,000","286,259","233,093","297,973","221,439","224,967",,,"239,908","230,570"
,Nicodemus NHS,"2,507","2,434","2,978","3,448","2,681","3,505","3,241","3,374","3,306",,,"3,552","3,103"
,Ninety Six NHS,"33,595","57,304","50,689","63,747","70,099","73,044","69,624","65,688","80,223",,,"118,002","68,202"
,Niobrara NSR,"79,942","70,270","68,058","69,705","65,785","65,999","71,876","53,443","68,110",,,"73,813","68,700"
,Noatak NPRES,"1,384","2,147","2,474","3,257","11,722","31,000","16,907",0,0,,,"17,000","8,589"
,North Cascades NP,"19,534","18,725","26,972","24,659","19,208","26,935","21,623","23,865","20,677",,,"28,646","23,084"
,Obed W&SR,"182,504","192,154","212,933","180,203","212,458","212,446","198,367","215,767","214,441",,,"231,390","205,266"
,Ocmulgee NM,"114,379","102,631","110,819","109,413","122,722","120,025","115,801","122,799","155,388",,,"162,260","123,624"
,Olympic NP,"2,988,686","3,081,451","3,276,459","2,844,563","2,966,502","2,824,908","3,085,340","3,243,872","3,263,761",,,"3,390,221","3,096,576"
,Oregon Caves NM,"76,966","73,774","88,496","86,335","76,194","78,164","72,717","69,405","72,709",,,"80,613","77,537"
,Organ Pipe Cactus NM,"341,594","340,290","330,064","209,602","211,405","161,743","206,860","224,548","222,723",,,"234,186","248,302"
,Ozark NSR,"1,789,783","1,243,507","1,308,718","1,416,529","1,365,960","1,406,781","1,253,703","1,296,437","1,277,941",,,"1,241,480","1,360,084"
,Padre Island NS,"658,317","635,925","642,163","612,716","542,873","573,855","515,830","578,815","582,839",,,"634,012","597,735"
,Palo Alto Battlefield NHP,"21,676","45,026","41,599","26,865","24,752","36,707","32,522","41,516","47,866",,,"58,556","37,709"
,Paterson Great Falls NHP,,,,,,,,,,,,"177,498","177,498"
,Pea Ridge NMP,"68,840","68,464","68,746","115,128","114,234","131,907","95,251","104,686","114,578",,,"119,490","100,132"
,Pecos NHP,"34,307","32,701","34,522","33,864","43,873","45,568","32,386","38,256","30,229",,,"39,715","36,542"
,Pennsylvania Avenue NHS,"226,908","239,785","256,874","262,030","236,136","283,232","257,831","54,035",0,,,0,"181,683"
,Perry's Victory & Intl. Peace MEM,"110,879","157,337","154,457","92,944","93,119","140,281","158,231","129,440","156,578",,,"142,152","133,542"
,Petersburg NB,"154,619","154,003","162,722","175,553","213,261","188,426","190,086","205,572","192,655",,,"191,898","182,880"
,Petrified Forest NP,"563,590","543,714","631,613","664,725","614,054","664,857","644,648","836,799","793,225",,,"643,274","660,050"
,Petroglyph NM,"112,868","116,620","118,688","105,643","114,428","119,444","115,075","115,859","117,825",,,"124,177","116,063"
,Pictured Rocks NL,"441,521","398,774","448,215","499,281","561,104","593,587","575,450","527,897","723,178",,,"777,428","554,644"
,Pinnacles NP,"161,019","166,988","171,112","246,575","393,219","224,476","237,677","196,635","206,533",,,"215,555","221,979"
,Pipe Spring NM,"46,574","47,418","49,433","59,952","57,360","54,692","51,118","56,484","54,619",,,"46,710","52,436"
,Pipestone NM,"72,422","80,137","69,539","78,108","61,908","76,030","64,760","62,151","70,748",,,"67,489","70,329"
,Piscataway Park,"184,636","324,394","234,186","248,314","279,060","124,107","161,999","109,473","148,729",,,"123,381","193,828"
,Point Reyes NS,"2,206,294","2,248,203","2,170,646","2,067,271","2,129,116","2,412,663","2,641,808","2,433,944","2,501,106",,,"2,438,442","2,324,949"
,Port Chicago Naval Magazine NM,,,,984,545,533,596,786,963,,,"1,942",907
,President W.J. Clinton Birthplace Home NHS,,,,,"9,749","8,932","9,838","11,113","10,463",,,"10,468","10,094"
,President's Park,"1,058,774","1,178,845","1,475,182","616,635","786,151","600,083","658,065","723,923","903,161",,,"989,424","899,024"
,Prince William Forest Park,"295,853","345,361","368,365","386,521","379,535","280,325","309,298","315,072","312,109",,,"344,435","333,687"
,Pu'uhonua o Honaunau NHP,"489,785","414,667","397,665","419,590","426,224","442,353","363,282","401,808","437,286",,,"421,027","421,369"
,Pu'ukohola Heiau NHS,"104,907","92,584","99,042","129,886","133,306","134,403","125,645","134,734","139,586",,,"138,565","123,266"
,Rainbow Bridge NM,"81,607","95,567","113,460","104,501","92,311","75,214","54,773","62,910","77,270",,,"86,369","84,398"
,Redwood NP,"385,171","396,899","444,426","418,820","380,167","352,517","393,364","429,166","527,143",,,"536,297","426,397"
,Richmond NBP,"132,578","120,823","134,634","130,415","139,376","156,952","151,240","179,552","184,175",,,"208,969","153,871"
,Rio Grande W&SR,"1,660","1,606",947,"1,103",873,694,703,321,120,,,463,849
,River Raisin NBP,,,,,"36,206","50,667","57,464","55,281","109,118",,,"202,375","85,185"
,Rock Creek Park,"2,061,366","2,076,466","2,076,500","1,883,457","2,050,490","2,003,385","1,968,995","2,437,948","2,443,772",,,"2,478,735","2,148,111"
,Rocky Mountain NP,"2,895,383","2,757,390","2,822,325","2,955,821","3,176,941","3,229,617","2,991,141","3,434,751","4,155,916",,,"4,517,585","3,293,687"
,Roger Williams NMEM,"49,348","46,154","50,397","51,559","50,909","51,944","48,677","51,523","60,505",,,"65,588","52,660"
,Rosie The Riveter WWII Home Front,,,,,,,"31,514","45,549","56,362",,,"64,425","49,463"
,Ross Lake NRA,"290,701","253,333","288,458","682,736","728,353","742,200","725,917","710,612","772,579",,,"905,418","610,031"
,Russell Cave NM,"49,164","36,375","24,087","23,374","20,717","20,954","20,456","18,530","19,430",,,"24,649","25,774"
,Sagamore Hill NHS,"43,698","53,772","53,800","55,149","53,336","20,097","14,639","19,319","42,326",,,"53,920","41,006"
,Saguaro NP,"658,477","699,137","665,234","717,614","610,045","634,286","678,261","673,572","753,446",,,"820,426","691,050"
,Saint Croix Island International Historic Site,,,,,,,"10,709","11,588","12,557",,,"13,857","12,178"
,Saint Croix NSR,"519,330","523,595","564,326","188,400","273,729","221,028","342,942","671,582","623,122",,,"708,258","463,631"
,Saint Paul's Church NHS,"14,909","14,538","14,432","16,362","14,926","16,188","14,016","16,460","17,180",,,"20,830","15,984"
,Saint-Gaudens NHS,"29,091","29,819","34,558","30,941","32,695","33,663","37,837","37,785","39,242",,,"42,377","34,801"
,Salem Maritime NHS,"843,520","856,935","723,088","806,506","737,073","756,038","426,328","403,758","264,780",,,"371,989","619,002"
,Salinas Pueblo Missions NM,"33,060","31,248","37,848","32,941","29,786","29,228","24,836","30,537","29,672",,,"32,414","31,157"
,Salt River Bay NHP & Ecological Pres,"1,455","2,184","2,540",204,"2,419","5,217","4,791","5,192","8,108",,,"16,449","4,856"
,San Antonio Missions NHP,"1,208,498","1,303,212","1,567,667","1,304,690","568,021","614,810","521,705","1,395,337","1,322,154",,,"1,358,911","1,116,501"
,San Francisco Maritime NHP,"4,042,022","4,086,211","4,152,497","4,130,970","4,224,897","4,129,983","4,154,455","4,256,888","4,173,014",,,"4,334,752","4,168,569"
,San Juan Island NHP,"273,289","255,492","274,642","263,370","266,717","261,139","220,960","268,946","258,668",,,"316,122","265,935"
,San Juan NHS,"1,025,407","1,135,577","1,069,673","1,105,252","1,229,590","1,279,814","1,328,802","1,382,906","1,532,818",,,"1,456,553","1,254,639"
,Sand Creek Massacre NHS,,,,"4,063","3,935","4,384","4,795","7,402","5,887",,,"6,847","5,330"
,Santa Monica Mountains NRA,"577,686","419,374","501,573","568,371","609,636","649,471","633,054","694,714","797,126",,,"906,606","635,761"
,Saratoga NHP,"106,708","88,834","89,366","63,719","65,043","57,688","54,364","58,773","65,010",,,"102,808","75,231"
,Saugus Iron Works NHS,"4,377","12,433","10,529","10,775","11,121","11,611","8,154","11,181","9,327",,,"11,159","10,067"
,Scotts Bluff NM,"111,890","111,849","121,391","133,795","128,811","122,515","108,127","119,159","131,122",,,"130,085","121,874"
,Sequoia NP,"979,537","930,011","965,170","1,002,979","1,006,583","1,106,584","909,274","1,039,137","1,097,464",,,"1,254,688","1,029,143"
,Shenandoah NP,"1,107,227","1,075,878","1,120,981","1,253,386","1,209,883","1,210,200","1,136,505","1,255,321","1,321,873",,,"1,437,341","1,212,860"
,Shiloh NMP,"368,742","357,340","404,134","317,046","387,816","587,620","536,206","409,086","356,535",,,"421,862","414,639"
,Sitka NHP,"304,799","241,407","246,866","189,176","186,864","195,157","161,157","157,297","185,150",,,"217,141","208,501"
,Sleeping Bear Dunes NL,"1,134,314","1,008,135","1,165,836","1,280,932","1,348,304","1,531,560","1,340,007","1,395,401","1,535,633",,,"1,683,553","1,342,368"
,Springfield Armory NHS,"13,548","17,358","17,779","16,876","16,161","16,978","17,782","20,595","21,825",,,"22,434","18,134"
,Statue of Liberty NM,"3,380,296","3,555,244","3,829,483","3,833,288","3,749,982","3,029,443","1,883,544","4,198,815","4,279,020",,,"4,501,547","3,624,066"
,Steamtown NHS,"70,726","71,123","65,144","104,855","111,725","106,309","81,174","84,257","89,592",,,"99,660","88,457"
,Stones River NB,"196,061","198,918","189,952","187,559","187,208","260,537","258,242","272,499","264,925",,,"346,213","236,211"
,Sunset Crater Volcano NM,"231,855","209,399","187,397","158,819","185,265","177,793","184,864","176,723","182,203",,,"60,233","175,455"
,Tallgrass Prairie NPRES,"23,000","20,075","23,713","22,047","17,893","18,918","16,128","17,776","29,558",,,"29,378","21,849"
,Thaddeus Kosciuszko NMEM,"4,633","3,918","3,357","2,888","1,949","2,045","1,682","1,475","1,261",,,"2,794","2,600"
,Theodore Roosevelt Birthplace NHS,"13,098","18,590","14,390","15,029","6,537","17,930","18,676","21,065","6,685",,,"6,582","13,858"
,Theodore Roosevelt Inaugural NHS,"14,147",834,"11,735","17,491","17,107","18,875","19,198","22,025","24,896",,,"29,199","17,551"
,Theodore Roosevelt Island,"109,894","109,156","141,559","116,035","137,690","149,754","162,599","146,500","159,740",,,"164,360","139,729"
,Theodore Roosevelt NP,"456,588","516,804","586,928","623,748","563,407","640,555","545,090","559,580","580,033",,,"753,880","582,661"
,Thomas Edison NHP,"9,342","8,027","27,061","63,009","55,284","52,554","46,677","51,344","56,317",,,"57,694","42,731"
,Thomas Jefferson MEM,"2,327,254","2,363,263","2,337,868","2,305,856","1,945,696","2,613,131","2,609,463","2,708,607","3,102,442",,,"3,414,345","2,572,793"
,Thomas Stone NHS,"4,886","5,720","6,268","6,004","6,351","6,426","6,013","5,843","5,772",,,"10,652","6,394"
,Timpanogos Cave NM,"114,737","123,682","138,571","120,241","96,965","118,764","91,269","95,679","104,023",,,"91,261","109,519"
,Timucuan EHP,"999,833","1,038,888","1,195,171","993,948","1,028,922","1,076,310","1,031,667","1,121,318","1,239,423",,,"1,148,494","1,087,397"
,Tonto NM,"56,174","63,553","60,534","60,497","53,426","51,881","39,632","36,360","37,523",,,"38,048","49,763"
,Tumacacori NHP,"45,484","45,079","40,637","39,866","33,740","35,158","31,433","38,017","42,146",,,"43,829","39,539"
,Tuskegee Airmen NHS,"14,685","50,331","58,417","60,827","16,244","23,716","19,301","24,319","22,662",,,"31,133","32,164"
,Tuskegee Institute NHS,"75,450","52,027","31,360","23,230","23,288","24,030","47,766","11,786","7,961",,,"8,452","30,535"
,Tuzigoot NM,"107,796","102,811","106,250","103,274","101,104","97,388","85,746","74,903","95,065",,,"104,604","97,894"
,Ulysses S. Grant NHS,"46,398","45,959","40,703","39,967","35,664","39,373","38,604","40,287","39,048",,,"46,071","41,207"
,Upper Delaware S&RR,"248,284","284,347","258,311","306,468","270,390","255,586","228,464","230,845","243,246",,,"264,362","259,030"
,Valley Forge NHP,"1,298,161","1,275,871","1,449,228","1,617,511","1,303,046","1,442,750","1,962,889","1,990,881","2,143,965",,,"2,428,724","1,691,303"
,Vanderbilt Mansion NHS,"398,125","360,334","380,460","390,525","367,680","423,107","372,569","398,447","431,961",,,"387,856","391,106"
,Vicksburg NMP,"699,314","555,109","584,105","581,459","796,035","573,262","573,838","550,874","532,444",,,"508,914","595,535"
,Vietnam Veterans MEM,"3,633,793","4,243,573","4,437,771","4,555,371","4,020,127","4,424,407","4,142,721","4,403,467","5,597,077",,,"5,299,713","4,475,802"
,Virgin Islands NP,"571,382","469,034","415,847","493,477","442,414","483,341","438,601","426,930","438,372",,,"411,343","459,074"
,Voyageurs NP,"220,650","221,585","222,429","253,891","177,184","214,841","233,390","239,160","238,313",,,"241,912","226,336"
,Waco Mammoth NM,,,,,,,,,"20,551",,,"69,510","45,031"
,Walnut Canyon NM,"126,187","101,833","128,299","126,552","125,003","110,748","125,267","135,230","153,322",,,"152,444","128,489"
,War in the Pacific NHP,"209,661","187,005","271,608","219,349","482,391","255,923","266,267","266,191","322,463",,,"488,988","296,985"
,Washington Monument,"591,081","671,031","676,002","628,665","430,153",0,0,"423,170","493,550",,,"252,677","416,633"
,Washita Battlefield NHS,"13,928","14,579","10,527","12,552","10,995","10,615","8,434","13,186","12,067",,,"12,312","11,920"
,Weir Farm NHS,"12,536","18,522","19,386","19,313","22,415","21,465","22,862","34,082","47,220",,,"39,079","25,688"
,Whiskeytown NRA,"782,014","676,281","853,812","788,065","761,710","814,374","776,025","851,901","843,845",,,"875,565","802,359"
,White House,"491,229","519,011","616,890","922,335","570,057","656,949","231,627","569,391","526,263",,,"611,207","571,496"
,White Sands NM,"437,042","438,511","471,167","470,921","428,924","447,385","490,544","503,660","497,506",,,"555,793","474,145"
,Whitman Mission NHS,"49,337","53,356","52,605","58,521","57,611","60,785","57,686","58,499","39,525",,,"50,148","53,807"
,William Howard Taft NHS,"17,365","16,968","18,802","21,163","21,141","19,416","21,102","23,609","24,385",,,"30,723","21,467"
,Wilson's Creek NB,"121,878","120,670","156,230","185,200","192,865","167,205","157,309","161,058","161,004",,,"183,698","160,712"
,Wind Cave NP,"603,158","573,433","587,868","577,141","538,394","529,083","516,142","547,022","612,198",,,"617,377","570,182"
,Wolf Trap NP for the Performing Arts,"503,016","487,197","466,752","520,397","425,177","426,996","441,166","388,283","407,351",,,"437,513","450,385"
,Women's Rights NHP,"18,657","23,093","20,620","22,662","25,426","29,585","30,137","30,254","38,139",,,"52,683","29,126"
,World War II Memorial,"4,079,606","4,153,749","4,118,528","3,964,351","3,752,172","4,161,685","3,934,166","4,230,793","5,068,224",,,"4,856,532","4,231,981"
,World War II Valor in the Pacific NM,"1,557,336","1,407,879","1,276,868","1,372,724","1,694,896","1,751,224","1,786,024","1,620,814","1,574,156",,,"1,819,020","1,586,094"
,Wrangell-St. Elias NP & PRES,"61,085","65,693","59,966","73,170","65,225","87,158","69,984","74,722","80,366",,,"79,047","71,642"
,Wright Brothers NMEM,"494,331","527,721","476,291","476,200","445,455","466,816","447,796","430,517","437,184",,,"458,776","466,109"
,Wupatki NM,"239,603","239,157","233,284","221,083","216,165","201,365","190,878","195,962","212,828",,,"223,172","217,350"
,Yellowstone NP,"3,151,343","3,066,580","3,295,187","3,640,185","3,394,326","3,447,729","3,188,030","3,513,484","4,097,710",,,"4,257,177","3,505,175"
,Yosemite NP,"3,503,428","3,431,514","3,737,472","3,901,408","3,951,393","3,853,404","3,691,191","3,882,642","4,150,217",,,"5,028,868","3,913,154"
,Yukon-Charley Rivers NPRES,"11,567","4,942","6,432","6,211","1,718","1,393","3,914","2,329","1,133",,,"1,146","4,079"
,Zion NP,"2,657,281","2,690,154","2,735,402","2,665,972","2,825,505","2,973,607","2,807,387","3,189,696","3,648,846",,,"4,295,127","3,048,898"
,,,,,,,,,,,,,,
